Fichier,Chaine,Residus,Angle_Deg
3dw6.cif,A,1-2-3,157.8779
3dw6.cif,A,2-3-4,155.3633
3dw6.cif,A,3-4-5,143.743
3dw6.cif,A,4-5-6,153.5621
3dw6.cif,A,5-6-7,138.9973
3dw6.cif,A,6-7-8,77.0743
3dw6.cif,A,7-8-9,141.8772
3dw6.cif,A,8-9-10,74.9991
3dw6.cif,A,9-10-11,139.1925
3dw6.cif,A,10-11-12,127.8196
3dw6.cif,A,11-12-13,142.7564
3dw6.cif,A,12-13-14,134.1943
3dw6.cif,A,13-14-15,102.545
3dw6.cif,A,14-15-16,144.35
3dw6.cif,A,15-16-17,109.3704
3dw6.cif,A,16-17-18,154.6072
3dw6.cif,A,17-18-19,167.4264
3dw6.cif,A,18-19-20,155.8869
3dw6.cif,A,19-20-21,140.928
3dw6.cif,A,20-21-22,132.2521
3dw6.cif,A,21-22-23,146.4374
3dw6.cif,A,22-23-24,152.0528
3dw6.cif,A,23-24-25,141.7879
3dw6.cif,A,24-25-26,156.6493
3dw6.cif,A,25-26-27,148.1049
4rbq.cif,A,1-2-3,154.0058
4rbq.cif,A,2-3-4,146.842
4rbq.cif,A,3-4-5,155.1091
4rbq.cif,A,4-5-6,154.1787
4rbq.cif,A,5-6-7,155.0134
4rbq.cif,A,6-7-8,145.1897
4rbq.cif,A,7-8-9,147.976
4rbq.cif,A,8-9-10,155.5439
4rbq.cif,A,9-10-11,153.7523
4rbq.cif,A,10-11-12,149.316
4rbq.cif,A,11-12-13,152.0887
4rbq.cif,A,12-13-14,147.6469
4rbq.cif,A,13-14-15,148.5134
4rbq.cif,A,14-15-16,154.0705
4rbq.cif,A,15-16-17,154.0756
4rbq.cif,A,16-17-18,152.3175
4rbq.cif,A,17-18-19,150.5544
4rbq.cif,A,18-19-20,144.1094
4rbq.cif,A,19-20-21,155.3957
4rbq.cif,A,20-21-22,152.1892
4rbq.cif,A,21-22-23,152.7687
4rbq.cif,A,22-23-24,149.5306
4rbq.cif,A,23-24-25,152.5849
4rbq.cif,A,24-25-26,144.0535
4rbq.cif,A,25-26-27,156.1512
4rbq.cif,A,26-27-28,153.5751
4rbq.cif,A,27-28-29,147.9403
4rbq.cif,A,28-29-30,157.3554
4rbq.cif,A,29-30-31,142.4541
4rbq.cif,A,30-31-32,154.3522
6zyb.cif,A,4-5-6,153.3999
6zyb.cif,A,5-6-7,139.2281
6zyb.cif,A,6-7-8,78.4088
6zyb.cif,A,7-8-9,142.7972
6zyb.cif,A,8-9-10,74.9638
6zyb.cif,A,9-10-11,138.0829
6zyb.cif,A,10-11-12,129.2411
6zyb.cif,A,11-12-13,140.9779
6zyb.cif,A,12-13-14,132.9378
6zyb.cif,A,13-14-15,101.767
6zyb.cif,A,14-15-16,144.8462
6zyb.cif,A,15-16-17,109.2099
6zyb.cif,A,16-17-18,152.9403
6zyb.cif,A,17-18-19,164.6121
6zyb.cif,A,18-19-20,156.3929
6zyb.cif,A,19-20-21,139.8286
6zyb.cif,A,20-21-22,133.1762
6zyb.cif,A,21-22-23,145.7996
6zyb.cif,A,22-23-24,154.5055
6zyb.cif,A,23-24-25,146.2665
6zyb.cif,A,24-25-26,147.6229
6zyb.cif,A,25-26-27,151.3595
7qsh.cif,A,5-6-7,140.1417
7qsh.cif,A,6-7-8,77.6499
7qsh.cif,A,7-8-9,143.2771
7qsh.cif,A,8-9-10,74.0983
7qsh.cif,A,9-10-11,139.9053
7qsh.cif,A,10-11-12,129.1331
7qsh.cif,A,11-12-13,140.1175
7qsh.cif,A,12-13-14,133.165
7qsh.cif,A,13-14-15,101.7186
7qsh.cif,A,14-15-16,144.8025
7qsh.cif,A,15-16-17,110.7084
7qsh.cif,A,16-17-18,152.1566
7qsh.cif,A,17-18-19,165.8164
7qsh.cif,A,18-19-20,154.3978
7qsh.cif,A,19-20-21,140.4484
7qsh.cif,A,20-21-22,129.0984
5nqi.cif,A,3-4-5,144.1844
5nqi.cif,A,4-5-6,153.6549
5nqi.cif,A,5-6-7,139.9089
5nqi.cif,A,6-7-8,75.724
5nqi.cif,A,7-8-9,141.7225
5nqi.cif,A,8-9-10,74.8374
5nqi.cif,A,9-10-11,138.4477
5nqi.cif,A,10-11-12,130.4684
5nqi.cif,A,11-12-13,140.1896
5nqi.cif,A,12-13-14,132.8172
5nqi.cif,A,13-14-15,102.009
5nqi.cif,A,14-15-16,144.2489
5nqi.cif,A,15-16-17,110.1477
5nqi.cif,A,16-17-18,151.8483
5nqi.cif,A,17-18-19,165.3562
5nqi.cif,A,18-19-20,154.9342
5nqi.cif,A,19-20-21,140.6744
5nqi.cif,A,20-21-22,130.9204
5nqi.cif,A,21-22-23,145.7308
5nqi.cif,A,22-23-24,156.8172
5nqi.cif,A,23-24-25,146.19
5nqi.cif,A,24-25-26,147.7301
5nqi.cif,A,25-26-27,150.2279
5ebi.cif,A,2-3-4,131.8094
5ebi.cif,A,3-4-5,109.2194
5ebi.cif,A,4-5-6,132.0835
5ebi.cif,B,1-2-3,107.1266
5ebi.cif,B,2-3-4,133.2239
5ebi.cif,B,3-4-5,107.6908
5ebi.cif,B,4-5-6,131.5714
5ebi.cif,C,2-3-4,133.569
5ebi.cif,C,3-4-5,109.1222
5ebi.cif,C,4-5-6,132.412
5ebi.cif,D,1-2-3,106.989
5ebi.cif,D,2-3-4,133.0168
5ebi.cif,D,3-4-5,107.6461
5ebi.cif,D,4-5-6,131.863
5ebi.cif,E,1-2-3,107.325
5ebi.cif,E,2-3-4,134.1646
5ebi.cif,E,3-4-5,107.3301
5ebi.cif,E,4-5-6,128.6102
5ebi.cif,F,2-3-4,126.5438
5ebi.cif,F,4-5-6,130.511
5ebi.cif,G,1-2-3,106.7536
5ebi.cif,G,2-3-4,133.9489
5ebi.cif,G,3-4-5,107.1757
5ebi.cif,G,4-5-6,128.0782
5ebi.cif,H,2-3-4,127.3783
5ebi.cif,H,4-5-6,129.7164
4rne.cif,A,1-2-3,157.1025
4rne.cif,A,2-3-4,140.8156
4rne.cif,A,3-4-5,143.2658
4rne.cif,B,1-2-3,155.469
4rne.cif,B,2-3-4,141.8953
4rne.cif,B,3-4-5,145.7716
4rne.cif,B,4-5-6,73.9884
4rne.cif,C,1-2-3,155.5848
4rne.cif,C,2-3-4,142.5216
4rne.cif,C,3-4-5,144.458
4rne.cif,C,4-5-6,71.4716
4rne.cif,D,1-2-3,155.0062
4rne.cif,D,2-3-4,142.5438
4rne.cif,D,3-4-5,145.2902
4rne.cif,D,4-5-6,72.9829
4rne.cif,E,1-2-3,155.6675
4rne.cif,E,2-3-4,141.5969
4rne.cif,E,3-4-5,146.179
4rne.cif,E,4-5-6,74.0074
4rne.cif,F,1-2-3,154.2437
4rne.cif,F,2-3-4,141.7962
4rne.cif,F,3-4-5,145.7165
4rne.cif,G,1-2-3,155.5084
4rne.cif,G,2-3-4,141.9096
4rne.cif,G,3-4-5,147.2536
4rne.cif,G,4-5-6,71.4668
4rne.cif,H,1-2-3,154.5449
4rne.cif,H,2-3-4,142.1203
4rne.cif,H,3-4-5,148.3811
4rne.cif,H,4-5-6,70.8228
5v2h.cif,A,1-2-3,152.632
5v2h.cif,A,2-3-4,134.6616
5v2h.cif,A,6-7-8,144.0188
5v2h.cif,B,1-2-3,147.9962
5v2h.cif,B,2-3-4,135.0739
5v2h.cif,B,6-7-8,148.4968
5v2h.cif,C,1-2-3,147.5908
5v2h.cif,C,2-3-4,139.5658
5v2h.cif,C,6-7-8,146.3653
5v2h.cif,D,1-2-3,145.4757
5v2h.cif,D,2-3-4,148.0589
5v2h.cif,D,6-7-8,146.9553
5da6.cif,A,4-5-6,155.8118
5da6.cif,A,5-6-7,154.9807
5da6.cif,A,6-7-8,145.0825
5da6.cif,A,7-8-9,148.0594
5da6.cif,A,8-9-10,155.5089
5da6.cif,A,9-10-11,153.8084
5da6.cif,A,10-11-12,149.333
5da6.cif,A,11-12-13,152.1364
5da6.cif,A,12-13-14,147.7117
5da6.cif,A,13-14-15,148.5606
5da6.cif,A,14-15-16,153.8576
5da6.cif,A,15-16-17,154.2266
5da6.cif,A,16-17-18,152.3114
5da6.cif,A,17-18-19,150.5543
5da6.cif,A,18-19-20,144.1228
5da6.cif,A,19-20-21,155.3225
5da6.cif,A,20-21-22,152.294
5da6.cif,A,21-22-23,152.666
5da6.cif,A,22-23-24,149.6816
5da6.cif,A,23-24-25,152.4631
5da6.cif,A,24-25-26,144.1774
5da6.cif,A,25-26-27,156.033
5da6.cif,A,26-27-28,153.7007
5da6.cif,A,27-28-29,147.849
5da6.cif,A,28-29-30,157.4648
5da6.cif,A,29-30-31,142.5254
5da6.cif,A,30-31-32,154.0944
4y27.cif,A,1-2-3,158.0037
4y27.cif,A,2-3-4,154.9307
4y27.cif,A,3-4-5,143.8744
4y27.cif,A,4-5-6,154.5963
4y27.cif,A,5-6-7,139.1417
4y27.cif,A,6-7-8,78.3715
4y27.cif,A,7-8-9,142.938
4y27.cif,A,8-9-10,74.7417
4y27.cif,A,9-10-11,139.2086
4y27.cif,A,10-11-12,131.6747
4y27.cif,A,11-12-13,138.433
4y27.cif,A,12-13-14,133.3539
4y27.cif,A,13-14-15,102.8662
4y27.cif,A,14-15-16,145.2189
4y27.cif,A,15-16-17,114.3088
4y27.cif,A,16-17-18,148.7357
4y27.cif,A,17-18-19,164.1576
4y27.cif,A,18-19-20,155.5327
4y27.cif,A,19-20-21,140.9149
4y27.cif,A,20-21-22,131.1842
4y27.cif,A,21-22-23,146.2245
4y27.cif,A,22-23-24,156.6752
4y27.cif,A,23-24-25,144.6858
4y27.cif,A,24-25-26,150.6692
4y27.cif,A,25-26-27,151.4546
7qua.cif,A,1-2-3,149.2433
7qua.cif,A,2-3-4,151.3818
7qua.cif,A,3-4-5,142.8341
7qua.cif,A,4-5-6,156.3289
7qua.cif,A,5-6-7,146.4204
7qua.cif,A,6-7-8,151.1254
7qua.cif,A,7-8-9,146.317
7qua.cif,A,8-9-10,149.6279
7qua.cif,A,9-10-11,151.3487
7qua.cif,A,10-11-12,146.5413
4nlf.cif,A,1-2-3,154.5018
4nlf.cif,A,2-3-4,155.773
4nlf.cif,A,3-4-5,146.4016
4nlf.cif,A,4-5-6,156.2118
4nlf.cif,A,5-6-7,142.37
4nlf.cif,A,6-7-8,85.4365
4nlf.cif,A,8-9-10,71.6292
4nlf.cif,A,9-10-11,142.5749
4nlf.cif,A,10-11-12,128.8182
4nlf.cif,A,11-12-13,138.0544
4nlf.cif,A,12-13-14,136.631
4nlf.cif,A,13-14-15,102.0332
4nlf.cif,A,14-15-16,145.5004
4nlf.cif,A,15-16-17,104.9493
4nlf.cif,A,16-17-18,155.6448
4nlf.cif,A,17-18-19,158.6666
4nlf.cif,A,18-19-20,156.9225
4nlf.cif,A,19-20-21,139.6551
4nlf.cif,A,20-21-22,131.1594
4nlf.cif,A,21-22-23,147.6807
4nlf.cif,A,22-23-24,154.9195
4nlf.cif,A,23-24-25,140.8736
4nlf.cif,A,24-25-26,157.9061
4nlf.cif,A,25-26-27,148.5763
1q9a.cif,A,4-5-6,153.965
1q9a.cif,A,5-6-7,139.5315
1q9a.cif,A,6-7-8,78.2754
1q9a.cif,A,7-8-9,143.5454
1q9a.cif,A,9-10-11,140.9894
1q9a.cif,A,10-11-12,129.7516
1q9a.cif,A,11-12-13,139.4489
1q9a.cif,A,12-13-14,134.7321
1q9a.cif,A,13-14-15,102.4421
1q9a.cif,A,14-15-16,144.1965
1q9a.cif,A,15-16-17,110.3128
1q9a.cif,A,16-17-18,152.7958
1q9a.cif,A,17-18-19,165.5701
1q9a.cif,A,18-19-20,155.9988
1q9a.cif,A,19-20-21,141.0185
1q9a.cif,A,20-21-22,131.9123
1q9a.cif,A,21-22-23,144.2522
1q9a.cif,A,22-23-24,156.1599
1q9a.cif,A,23-24-25,149.3283
1q9a.cif,A,25-26-27,147.1852
4rkv.cif,A,1-2-3,156.0682
4rkv.cif,A,2-3-4,142.0204
4rkv.cif,A,3-4-5,144.8881
4rkv.cif,A,4-5-6,72.9279
4rkv.cif,B,1-2-3,157.6077
4rkv.cif,B,2-3-4,141.208
4rkv.cif,B,3-4-5,148.0211
4rkv.cif,B,4-5-6,156.0242
3nj6.cif,A,1-2-3,148.9977
3nj6.cif,A,2-3-4,147.9565
3nj6.cif,A,3-4-5,146.4689
3nj6.cif,A,4-5-6,169.0252
3nj6.cif,A,5-6-7,140.184
3nj6.cif,A,6-7-8,168.5491
3nj6.cif,A,7-8-9,146.7569
3nj6.cif,A,8-9-10,147.502
4xk0.cif,A,1-2-3,161.474
4xk0.cif,A,2-3-4,158.8027
4xk0.cif,A,3-4-5,148.7757
4xk0.cif,A,4-5-6,76.793
4xk0.cif,B,1-2-3,153.5634
4xk0.cif,B,2-3-4,158.08
4xk0.cif,B,3-4-5,152.0934
4xk0.cif,B,4-5-6,71.8467
4nmg.cif,A,3-4-5,144.9927
4nmg.cif,A,4-5-6,153.3837
4nmg.cif,A,5-6-7,138.9629
4nmg.cif,A,6-7-8,78.1316
4nmg.cif,A,7-8-9,143.5472
4nmg.cif,A,8-9-10,73.608
4nmg.cif,A,9-10-11,141.5348
4nmg.cif,A,10-11-12,128.4515
4nmg.cif,A,11-12-13,140.9294
4nmg.cif,A,12-13-14,134.0968
4nmg.cif,A,13-14-15,102.1827
4nmg.cif,A,14-15-16,144.4176
4nmg.cif,A,15-16-17,110.2812
4nmg.cif,A,16-17-18,152.8014
4nmg.cif,A,17-18-19,166.4904
4nmg.cif,A,18-19-20,156.1045
4nmg.cif,A,19-20-21,140.7829
4nmg.cif,A,20-21-22,131.9752
4nmg.cif,A,21-22-23,145.3647
4nmg.cif,A,22-23-24,156.0855
4nmg.cif,A,23-24-25,145.4245
4nmg.cif,A,24-25-26,152.7564
4nmg.cif,A,25-26-27,147.8588
6y0y.cif,A,1-2-3,152.1098
6y0y.cif,A,2-3-4,145.1155
6y0y.cif,A,3-4-5,153.9116
6y0y.cif,A,4-5-6,153.7551
6y0y.cif,A,5-6-7,129.9649
6y0y.cif,A,6-7-8,77.9847
6y0y.cif,A,7-8-9,145.1046
6y0y.cif,A,8-9-10,72.2048
6y0y.cif,A,9-10-11,141.286
6y0y.cif,A,10-11-12,128.0841
6y0y.cif,A,11-12-13,139.3633
6y0y.cif,A,12-13-14,136.3397
6y0y.cif,A,13-14-15,104.0625
6y0y.cif,A,14-15-16,144.8517
6y0y.cif,A,15-16-17,105.956
6y0y.cif,A,16-17-18,158.0056
6y0y.cif,A,17-18-19,162.5806
6y0y.cif,A,18-19-20,167.9927
6y0y.cif,A,19-20-21,158.3258
6y0y.cif,A,20-21-22,129.4262
6y0y.cif,A,21-22-23,139.7366
6y0y.cif,A,22-23-24,160.4217
6y0y.cif,A,23-24-25,156.4333
6y0y.cif,A,24-25-26,141.2091
6y0y.cif,A,25-26-27,150.85
4jrd.cif,A,1-2-3,114.0519
4jrd.cif,A,2-3-4,164.5869
4jrd.cif,A,3-4-5,154.8076
4jrd.cif,A,4-5-6,148.5036
4jrd.cif,A,5-6-7,143.685
4jrd.cif,A,6-7-8,149.6023
4jrd.cif,A,7-8-9,148.4066
4jrd.cif,A,8-9-10,147.1016
4jrd.cif,A,9-10-11,153.743
4jrd.cif,B,1-2-3,141.8381
4jrd.cif,B,2-3-4,144.4082
4jrd.cif,B,3-4-5,148.4303
4jrd.cif,B,4-5-6,154.55
4jrd.cif,B,5-6-7,147.5434
4jrd.cif,B,6-7-8,145.4783
4jrd.cif,B,7-8-9,153.6948
4jrd.cif,B,8-9-10,147.7316
4jrd.cif,B,9-10-11,138.94
4rj1.cif,A,1-2-3,157.5464
4rj1.cif,A,2-3-4,141.161
4rj1.cif,A,3-4-5,145.9773
4rj1.cif,A,4-5-6,71.4745
4rj1.cif,B,1-2-3,157.6412
4rj1.cif,B,2-3-4,141.0899
4rj1.cif,B,3-4-5,147.4473
4rj1.cif,B,4-5-6,72.5021
5d99.cif,A,1-2-3,157.4612
5d99.cif,A,2-3-4,154.7084
5d99.cif,A,3-4-5,144.7387
5d99.cif,A,4-5-6,153.4735
5d99.cif,A,5-6-7,139.432
5d99.cif,A,6-7-8,76.4379
5d99.cif,A,9-10-11,138.156
5d99.cif,A,10-11-12,127.7852
5d99.cif,A,11-12-13,142.78
5d99.cif,A,12-13-14,134.0512
5d99.cif,A,13-14-15,102.0232
5d99.cif,A,14-15-16,144.4754
5d99.cif,A,15-16-17,109.7521
5d99.cif,A,16-17-18,154.1157
5d99.cif,A,17-18-19,166.8027
5d99.cif,A,18-19-20,156.3547
5d99.cif,A,19-20-21,141.0405
5d99.cif,A,20-21-22,132.3152
5d99.cif,A,21-22-23,146.5075
5d99.cif,A,22-23-24,153.5798
5d99.cif,A,25-26-27,146.3209
5mrx.cif,A,3-4-5,144.1844
5mrx.cif,A,4-5-6,153.6549
5mrx.cif,A,5-6-7,139.9089
5mrx.cif,A,6-7-8,75.724
5mrx.cif,A,7-8-9,141.7225
5mrx.cif,A,8-9-10,74.8374
5mrx.cif,A,9-10-11,138.4477
5mrx.cif,A,10-11-12,130.4684
5mrx.cif,A,11-12-13,140.1896
5mrx.cif,A,12-13-14,132.8172
5mrx.cif,A,13-14-15,102.009
5mrx.cif,A,14-15-16,144.2489
5mrx.cif,A,15-16-17,110.1477
5mrx.cif,A,16-17-18,151.8483
5mrx.cif,A,17-18-19,165.3562
5mrx.cif,A,18-19-20,154.9342
5mrx.cif,A,19-20-21,140.6744
5mrx.cif,A,20-21-22,130.9204
5mrx.cif,A,21-22-23,145.7308
5mrx.cif,A,22-23-24,156.8172
5mrx.cif,A,23-24-25,146.19
5mrx.cif,A,24-25-26,147.7301
5mrx.cif,A,25-26-27,150.2279
1j8g.cif,A,1-2-3,156.8094
1j8g.cif,A,2-3-4,141.844
1j8g.cif,A,3-4-5,145.9522
1j8g.cif,A,4-5-6,75.0933
1j8g.cif,B,1-2-3,155.1819
1j8g.cif,B,2-3-4,142.4916
1j8g.cif,B,3-4-5,152.798
1j8g.cif,B,4-5-6,152.8828
1j8g.cif,C,1-2-3,156.3318
1j8g.cif,C,2-3-4,141.6128
1j8g.cif,C,3-4-5,145.6592
1j8g.cif,C,4-5-6,73.6816
1j8g.cif,D,1-2-3,154.5021
1j8g.cif,D,2-3-4,141.6614
1j8g.cif,D,3-4-5,145.0013
1j8g.cif,D,4-5-6,73.6402
3dw5.cif,A,3-4-5,144.6451
3dw5.cif,A,4-5-6,153.3881
3dw5.cif,A,5-6-7,138.9532
3dw5.cif,A,6-7-8,77.6213
3dw5.cif,A,7-8-9,142.8411
3dw5.cif,A,8-9-10,74.5815
3dw5.cif,A,9-10-11,140.2459
3dw5.cif,A,10-11-12,128.1967
3dw5.cif,A,11-12-13,140.9173
3dw5.cif,A,12-13-14,135.1103
3dw5.cif,A,13-14-15,103.0891
3dw5.cif,A,14-15-16,143.0539
3dw5.cif,A,15-16-17,109.898
3dw5.cif,A,16-17-18,153.4925
3dw5.cif,A,17-18-19,166.8209
3dw5.cif,A,18-19-20,155.5927
3dw5.cif,A,19-20-21,140.9658
3dw5.cif,A,20-21-22,131.1816
3dw5.cif,A,21-22-23,146.5226
3dw5.cif,A,22-23-24,155.2498
3dw5.cif,A,23-24-25,146.3709
3dw5.cif,A,24-25-26,150.784
3dw5.cif,A,25-26-27,149.6587
7qp2.cif,A,4-5-6,153.3169
7qp2.cif,A,5-6-7,139.7497
7qp2.cif,A,6-7-8,78.747
7qp2.cif,A,8-9-10,74.144
7qp2.cif,A,9-10-11,140.902
7qp2.cif,A,10-11-12,128.1033
7qp2.cif,A,11-12-13,140.6792
7qp2.cif,A,12-13-14,134.1453
7qp2.cif,A,13-14-15,102.144
7qp2.cif,A,14-15-16,144.7191
7qp2.cif,A,15-16-17,110.1827
7qp2.cif,A,16-17-18,153.2235
7qp2.cif,A,17-18-19,165.505
7qp2.cif,A,18-19-20,155.945
7qp2.cif,A,19-20-21,140.3589
7qp2.cif,A,20-21-22,130.7184
7qp2.cif,A,21-22-23,146.8981
7qp2.cif,A,22-23-24,155.6157
7qp2.cif,A,23-24-25,145.3793
7qp2.cif,A,25-26-27,149.1219
3dw4.cif,A,1-2-3,158.1995
3dw4.cif,A,2-3-4,154.8728
3dw4.cif,A,3-4-5,144.2044
3dw4.cif,A,4-5-6,153.6453
3dw4.cif,A,5-6-7,139.5659
3dw4.cif,A,6-7-8,77.4291
3dw4.cif,A,7-8-9,141.975
3dw4.cif,A,8-9-10,75.1383
3dw4.cif,A,9-10-11,138.4711
3dw4.cif,A,10-11-12,128.0017
3dw4.cif,A,11-12-13,142.8213
3dw4.cif,A,12-13-14,134.3405
3dw4.cif,A,13-14-15,102.4343
3dw4.cif,A,14-15-16,144.434
3dw4.cif,A,15-16-17,109.4481
3dw4.cif,A,16-17-18,154.4957
3dw4.cif,A,17-18-19,166.8854
3dw4.cif,A,18-19-20,156.3683
3dw4.cif,A,19-20-21,141.049
3dw4.cif,A,20-21-22,132.3691
3dw4.cif,A,21-22-23,146.6598
3dw4.cif,A,22-23-24,152.499
3dw4.cif,A,23-24-25,141.6716
3dw4.cif,A,24-25-26,156.5367
3dw4.cif,A,25-26-27,148.0463
8pfq.cif,A,1-2-3,144.4317
8pfq.cif,A,2-3-4,155.9296
8pfq.cif,A,3-4-5,145.5602
8pfq.cif,A,4-5-6,148.259
8pfq.cif,A,5-6-7,154.5051
8pfq.cif,A,6-7-8,146.5093
8pfq.cif,A,7-8-9,150.1738
8pfq.cif,A,8-9-10,146.2175
8pfq.cif,A,9-10-11,150.04
8pfq.cif,A,10-11-12,150.4881
8pfq.cif,B,1-2-3,148.0218
8pfq.cif,B,2-3-4,151.9121
8pfq.cif,B,3-4-5,142.6207
8pfq.cif,B,4-5-6,150.9194
8pfq.cif,B,5-6-7,147.2187
8pfq.cif,B,6-7-8,154.2467
8pfq.cif,B,7-8-9,142.9966
8pfq.cif,B,8-9-10,148.3466
8pfq.cif,B,9-10-11,154.368
8pfq.cif,B,10-11-12,150.3106
9en6.cif,A,1-2-3,147.7682
9en6.cif,A,2-3-4,157.3885
9en6.cif,B,1-2-3,158.3584
9en6.cif,B,2-3-4,146.8191
9en6.cif,C,1-2-3,149.7392
9en6.cif,C,2-3-4,144.9888
9en6.cif,C,3-4-5,164.2561
9en6.cif,C,4-5-6,144.0672
9en6.cif,D,1-2-3,150.0798
9en6.cif,D,2-3-4,151.63
9en6.cif,D,3-4-5,138.0343
9en6.cif,D,4-5-6,173.6498
7l3r.cif,A,4-5-6,151.9842
7l3r.cif,A,5-6-7,140.1313
7l3r.cif,A,6-7-8,77.5112
7l3r.cif,A,7-8-9,142.8877
7l3r.cif,A,8-9-10,74.6333
7l3r.cif,A,9-10-11,139.4574
7l3r.cif,A,10-11-12,129.4758
7l3r.cif,A,11-12-13,140.6173
7l3r.cif,A,12-13-14,133.1066
7l3r.cif,A,13-14-15,102.0569
7l3r.cif,A,14-15-16,144.2853
7l3r.cif,A,15-16-17,110.4395
7l3r.cif,A,16-17-18,152.5647
7l3r.cif,A,17-18-19,166.6046
7l3r.cif,A,18-19-20,154.9625
7l3r.cif,A,19-20-21,140.6185
7l3r.cif,A,20-21-22,130.9571
7l3r.cif,A,21-22-23,147.21
7l3r.cif,A,22-23-24,154.1816
7l3r.cif,A,23-24-25,145.7388
7l3r.cif,A,24-25-26,153.2214
7l3r.cif,A,25-26-27,147.5066
3dvz.cif,A,3-4-5,145.0789
3dvz.cif,A,4-5-6,153.3465
3dvz.cif,A,5-6-7,139.226
3dvz.cif,A,6-7-8,77.6881
3dvz.cif,A,7-8-9,142.405
3dvz.cif,A,8-9-10,74.9593
3dvz.cif,A,9-10-11,138.7654
3dvz.cif,A,10-11-12,129.396
3dvz.cif,A,11-12-13,140.9708
3dvz.cif,A,12-13-14,133.8793
3dvz.cif,A,13-14-15,102.4424
3dvz.cif,A,14-15-16,144.1204
3dvz.cif,A,15-16-17,109.9263
3dvz.cif,A,16-17-18,153.375
3dvz.cif,A,17-18-19,166.2242
3dvz.cif,A,18-19-20,155.3425
3dvz.cif,A,19-20-21,140.9055
3dvz.cif,A,20-21-22,130.8495
3dvz.cif,A,21-22-23,146.6849
3dvz.cif,A,22-23-24,154.9082
3dvz.cif,A,23-24-25,146.0083
3dvz.cif,A,24-25-26,151.0186
3dvz.cif,A,25-26-27,149.6392
485d.cif,A,2-3-4,154.5953
485d.cif,A,3-4-5,144.8204
485d.cif,A,4-5-6,164.9348
485d.cif,A,5-6-7,148.8716
485d.cif,A,6-7-8,143.4441
485d.cif,A,7-8-9,154.841
485d.cif,B,2-3-4,164.4546
485d.cif,B,3-4-5,143.2212
485d.cif,B,4-5-6,151.1769
485d.cif,B,5-6-7,151.4089
485d.cif,B,6-7-8,166.8243
485d.cif,B,7-8-9,141.2514
3r1e.cif,A,1-2-3,142.1312
3r1e.cif,A,2-3-4,152.8559
3r1e.cif,A,3-4-5,153.4413
3r1e.cif,A,4-5-6,133.9838
3r1e.cif,A,6-7-8,149.773
3r1e.cif,B,1-2-3,147.0533
3r1e.cif,B,2-3-4,158.1389
3r1e.cif,B,3-4-5,144.7395
3r1e.cif,B,4-5-6,152.6411
3r1e.cif,B,5-6-7,157.4399
3r1e.cif,B,6-7-8,147.1604
3dw7.cif,A,3-4-5,144.0318
3dw7.cif,A,4-5-6,153.9153
3dw7.cif,A,5-6-7,138.5929
3dw7.cif,A,6-7-8,77.9216
3dw7.cif,A,7-8-9,144.0522
3dw7.cif,A,8-9-10,73.7858
3dw7.cif,A,9-10-11,140.679
3dw7.cif,A,10-11-12,128.8497
3dw7.cif,A,11-12-13,141.4757
3dw7.cif,A,12-13-14,134.968
3dw7.cif,A,13-14-15,102.718
3dw7.cif,A,14-15-16,143.91
3dw7.cif,A,15-16-17,110.0178
3dw7.cif,A,16-17-18,153.3485
3dw7.cif,A,17-18-19,166.4931
3dw7.cif,A,18-19-20,156.2447
3dw7.cif,A,19-20-21,140.9468
3dw7.cif,A,20-21-22,130.6205
3dw7.cif,A,22-23-24,160.4898
3dw7.cif,A,23-24-25,146.3085
3dw7.cif,A,24-25-26,152.48
3dw7.cif,A,25-26-27,148.3906
7ucr.cif,A,3-4-5,161.6417
7ucr.cif,A,4-5-6,153.9215
7ucr.cif,A,5-6-7,139.344
7ucr.cif,A,6-7-8,78.5308
7ucr.cif,A,7-8-9,142.8013
7ucr.cif,A,8-9-10,74.5029
7ucr.cif,A,9-10-11,140.0902
7ucr.cif,A,10-11-12,128.13
7ucr.cif,A,11-12-13,141.432
7ucr.cif,A,12-13-14,133.0985
7ucr.cif,A,13-14-15,99.4621
7ucr.cif,A,14-15-16,146.3845
7ucr.cif,A,15-16-17,110.0131
7ucr.cif,A,16-17-18,152.5526
7ucr.cif,A,17-18-19,165.8227
7ucr.cif,A,18-19-20,155.4535
7ucr.cif,A,19-20-21,140.7102
7ucr.cif,A,20-21-22,131.5526
7ucr.cif,A,21-22-23,145.4744
7ucr.cif,A,22-23-24,156.4541
7ucr.cif,A,23-24-25,144.1408
7ucr.cif,A,24-25-26,152.9855
7ucr.cif,A,25-26-27,148.1259
5vxq.cif,A,1-2-3,114.7414
5vxq.cif,A,2-3-4,163.8864
5vxq.cif,A,3-4-5,154.9193
5vxq.cif,A,4-5-6,148.0998
5vxq.cif,A,5-6-7,144.373
5vxq.cif,A,6-7-8,149.5042
5vxq.cif,A,7-8-9,148.4881
5vxq.cif,A,8-9-10,146.8061
5vxq.cif,A,9-10-11,153.3425
5vxq.cif,B,1-2-3,142.1703
5vxq.cif,B,2-3-4,143.8006
5vxq.cif,B,3-4-5,148.9353
5vxq.cif,B,4-5-6,154.1334
5vxq.cif,B,5-6-7,147.7199
5vxq.cif,B,6-7-8,145.5511
5vxq.cif,B,7-8-9,152.2936
5vxq.cif,B,8-9-10,148.9148
5vxq.cif,B,9-10-11,138.8464
