Fichier,Chaine,Intervalle_Residus,Distance_A
3dw6,A,1-2,5.8036
3dw6,A,2-3,5.6109
3dw6,A,3-4,5.8018
3dw6,A,4-5,5.6951
3dw6,A,5-6,5.7868
3dw6,A,6-7,5.5049
3dw6,A,7-8,4.9148
3dw6,A,8-9,5.6897
3dw6,A,9-10,6.1854
3dw6,A,10-11,5.648
3dw6,A,11-12,5.4387
3dw6,A,12-13,5.6508
3dw6,A,13-14,5.3951
3dw6,A,14-15,5.4577
3dw6,A,15-16,5.535
3dw6,A,16-17,5.6961
3dw6,A,17-18,5.5415
3dw6,A,18-19,6.1503
3dw6,A,19-20,5.8385
3dw6,A,20-21,5.5289
3dw6,A,21-22,5.5408
3dw6,A,22-23,5.7215
3dw6,A,23-24,5.6534
3dw6,A,24-25,5.9706
3dw6,A,25-26,5.6309
3dw6,A,26-27,5.726
4rbq,A,1-2,5.9804
4rbq,A,2-3,5.7218
4rbq,A,3-4,6.0331
4rbq,A,4-5,5.7847
4rbq,A,5-6,5.7765
4rbq,A,6-7,5.8705
4rbq,A,7-8,5.719
4rbq,A,8-9,5.7826
4rbq,A,9-10,5.8449
4rbq,A,10-11,5.8726
4rbq,A,11-12,5.82
4rbq,A,12-13,5.826
4rbq,A,13-14,5.7164
4rbq,A,14-15,5.7484
4rbq,A,15-16,5.8492
4rbq,A,16-17,5.7668
4rbq,A,17-18,5.7306
4rbq,A,18-19,5.751
4rbq,A,19-20,5.7044
4rbq,A,20-21,5.8704
4rbq,A,21-22,5.7409
4rbq,A,22-23,5.7743
4rbq,A,23-24,5.6973
4rbq,A,24-25,5.7983
4rbq,A,25-26,5.6912
4rbq,A,26-27,5.8743
4rbq,A,27-28,5.7696
4rbq,A,28-29,5.6297
4rbq,A,29-30,5.832
4rbq,A,30-31,5.6314
4rbq,A,31-32,5.8357
6zyb,A,1-2,6.0143
6zyb,A,2-3,5.6264
6zyb,A,3-4,5.7947
6zyb,A,4-5,5.6841
6zyb,A,5-6,5.8675
6zyb,A,6-7,5.5197
6zyb,A,7-8,4.9811
6zyb,A,8-9,5.653
6zyb,A,9-10,6.1895
6zyb,A,10-11,5.7282
6zyb,A,11-12,5.4745
6zyb,A,12-13,5.6417
6zyb,A,13-14,5.3969
6zyb,A,14-15,5.5361
6zyb,A,15-16,5.5795
6zyb,A,16-17,5.7169
6zyb,A,17-18,5.5454
6zyb,A,18-19,6.0758
6zyb,A,19-20,5.7954
6zyb,A,20-21,5.5342
6zyb,A,21-22,5.5547
6zyb,A,22-23,5.6754
6zyb,A,23-24,5.8083
6zyb,A,24-25,5.7965
6zyb,A,25-26,5.6797
6zyb,A,26-27,5.8865
7qsh,A,3-4,6.1901
7qsh,A,4-5,5.5117
7qsh,A,5-6,5.8645
7qsh,A,6-7,5.5387
7qsh,A,7-8,4.9305
7qsh,A,8-9,5.725
7qsh,A,9-10,6.1376
7qsh,A,10-11,5.7186
7qsh,A,11-12,5.4747
7qsh,A,12-13,5.6216
7qsh,A,13-14,5.4278
7qsh,A,14-15,5.5181
7qsh,A,15-16,5.5657
7qsh,A,16-17,5.7013
7qsh,A,17-18,5.548
7qsh,A,18-19,6.1201
7qsh,A,19-20,5.8353
7qsh,A,20-21,5.5205
7qsh,A,21-22,5.5497
7qsh,A,22-23,5.7091
7qsh,A,23-24,5.7709
7qsh,A,24-25,5.9253
7qsh,A,25-26,5.6865
7qsh,A,26-27,5.8527
5nqi,A,1-2,6.3072
5nqi,A,2-3,5.936
5nqi,A,3-4,6.159
5nqi,A,4-5,5.5546
5nqi,A,5-6,5.8485
5nqi,A,6-7,5.6253
5nqi,A,7-8,5.0594
5nqi,A,8-9,5.6833
5nqi,A,9-10,6.3232
5nqi,A,10-11,5.7075
5nqi,A,11-12,5.4608
5nqi,A,12-13,5.5683
5nqi,A,13-14,5.4269
5nqi,A,14-15,5.5768
5nqi,A,15-16,5.6032
5nqi,A,16-17,5.7575
5nqi,A,17-18,5.5267
5nqi,A,18-19,6.1041
5nqi,A,19-20,5.8625
5nqi,A,20-21,5.5609
5nqi,A,21-22,5.6452
5nqi,A,22-23,5.7111
5nqi,A,23-24,5.8913
5nqi,A,24-25,5.8994
5nqi,A,25-26,5.7189
5nqi,A,26-27,5.8037
5ebi,A,1-2,5.9223
5ebi,A,2-3,5.42
5ebi,A,3-4,5.833
5ebi,A,4-5,5.0681
5ebi,A,5-6,6.1114
5ebi,B,1-2,5.8413
5ebi,B,2-3,5.2798
5ebi,B,3-4,5.8029
5ebi,B,4-5,5.2083
5ebi,B,5-6,6.3588
5ebi,C,1-2,6.058
5ebi,C,2-3,5.4523
5ebi,C,3-4,5.8048
5ebi,C,4-5,5.0865
5ebi,C,5-6,6.0811
5ebi,D,1-2,5.8296
5ebi,D,2-3,5.2596
5ebi,D,3-4,5.8433
5ebi,D,4-5,5.1929
5ebi,D,5-6,6.3681
5ebi,E,1-2,5.7344
5ebi,E,2-3,5.4224
5ebi,E,3-4,5.8654
5ebi,E,4-5,5.3336
5ebi,E,5-6,6.2331
5ebi,F,1-2,5.9256
5ebi,F,2-3,5.473
5ebi,F,3-4,6.0914
5ebi,F,4-5,5.2589
5ebi,F,5-6,6.1473
5ebi,G,1-2,5.7488
5ebi,G,2-3,5.4423
5ebi,G,3-4,5.8826
5ebi,G,4-5,5.3096
5ebi,G,5-6,6.2351
5ebi,H,1-2,5.9328
5ebi,H,2-3,5.4956
5ebi,H,3-4,6.0215
5ebi,H,4-5,5.221
5ebi,H,5-6,6.1545
4rne,A,1-2,6.0174
4rne,A,2-3,6.0202
4rne,A,3-4,6.381
4rne,A,4-5,5.6352
4rne,A,5-6,4.926
4rne,B,1-2,6.0117
4rne,B,2-3,5.9889
4rne,B,3-4,6.3538
4rne,B,4-5,5.7593
4rne,B,5-6,5.0165
4rne,C,1-2,6.0351
4rne,C,2-3,6.053
4rne,C,3-4,6.4021
4rne,C,4-5,5.7241
4rne,C,5-6,4.9157
4rne,D,1-2,6.0092
4rne,D,2-3,6.0195
4rne,D,3-4,6.3208
4rne,D,4-5,5.726
4rne,D,5-6,4.9966
4rne,E,1-2,5.9755
4rne,E,2-3,5.9772
4rne,E,3-4,6.3622
4rne,E,4-5,5.7952
4rne,E,5-6,5.2227
4rne,F,1-2,6.0459
4rne,F,2-3,6.0048
4rne,F,3-4,6.3284
4rne,F,4-5,5.6664
4rne,F,5-6,5.2549
4rne,G,1-2,5.9972
4rne,G,2-3,6.0433
4rne,G,3-4,6.3888
4rne,G,4-5,5.7759
4rne,G,5-6,4.75
4rne,H,1-2,5.9995
4rne,H,2-3,6.0207
4rne,H,3-4,6.3691
4rne,H,4-5,5.7699
4rne,H,5-6,5.1689
5v2h,A,1-2,5.7621
5v2h,A,2-3,5.7582
5v2h,A,3-4,6.2005
5v2h,A,6-7,5.6155
5v2h,A,7-8,5.7438
5v2h,B,1-2,5.7648
5v2h,B,2-3,5.6865
5v2h,B,3-4,6.2208
5v2h,B,6-7,5.6116
5v2h,B,7-8,5.7415
5v2h,C,1-2,5.6733
5v2h,C,2-3,5.6569
5v2h,C,3-4,6.3012
5v2h,C,6-7,5.6914
5v2h,C,7-8,5.7208
5v2h,D,1-2,5.7364
5v2h,D,2-3,5.6676
5v2h,D,3-4,6.2888
5v2h,D,6-7,5.6361
5v2h,D,7-8,5.7843
5da6,A,1-2,5.9404
5da6,A,2-3,5.6268
5da6,A,3-4,6.3114
5da6,A,4-5,5.7192
5da6,A,5-6,5.7693
5da6,A,6-7,5.8712
5da6,A,7-8,5.7092
5da6,A,8-9,5.7782
5da6,A,9-10,5.8392
5da6,A,10-11,5.8538
5da6,A,11-12,5.8167
5da6,A,12-13,5.8182
5da6,A,13-14,5.7057
5da6,A,14-15,5.7457
5da6,A,15-16,5.8545
5da6,A,16-17,5.7528
5da6,A,17-18,5.7339
5da6,A,18-19,5.7381
5da6,A,19-20,5.7012
5da6,A,20-21,5.8696
5da6,A,21-22,5.7402
5da6,A,22-23,5.7619
5da6,A,23-24,5.7045
5da6,A,24-25,5.7827
5da6,A,25-26,5.6904
5da6,A,26-27,5.8713
5da6,A,27-28,5.7664
5da6,A,28-29,5.6221
5da6,A,29-30,5.8243
5da6,A,30-31,5.6225
5da6,A,31-32,5.8264
4y27,A,1-2,5.8847
4y27,A,2-3,5.5793
4y27,A,3-4,5.7445
4y27,A,4-5,5.6168
4y27,A,5-6,5.8589
4y27,A,6-7,5.5419
4y27,A,7-8,5.0287
4y27,A,8-9,5.6498
4y27,A,9-10,6.1719
4y27,A,10-11,5.709
4y27,A,11-12,5.5184
4y27,A,12-13,5.5538
4y27,A,13-14,5.3966
4y27,A,14-15,5.5205
4y27,A,15-16,5.5886
4y27,A,16-17,5.5564
4y27,A,17-18,5.5634
4y27,A,18-19,6.1061
4y27,A,19-20,5.8377
4y27,A,20-21,5.5431
4y27,A,21-22,5.5449
4y27,A,22-23,5.7057
4y27,A,23-24,5.8101
4y27,A,24-25,5.7924
4y27,A,25-26,5.613
4y27,A,26-27,5.8381
8vjt,A,1-2,4.3355
8vjt,A,2-3,6.8388
8vjt,A,3-4,5.8629
8vjt,A,4-5,5.7543
8vjt,A,5-6,5.099
8vjt,B,1-2,4.5357
8vjt,B,2-3,5.9199
8vjt,B,3-4,6.3546
8vjt,B,4-5,5.6876
8vjt,B,5-6,5.131
7qua,A,1-2,5.7654
7qua,A,2-3,5.8034
7qua,A,3-4,5.7011
7qua,A,4-5,5.6871
7qua,A,5-6,5.7983
7qua,A,6-7,5.6668
7qua,A,7-8,5.7728
7qua,A,8-9,5.6605
7qua,A,9-10,5.7473
7qua,A,10-11,5.6278
7qua,A,11-12,5.737
4nlf,A,1-2,5.9002
4nlf,A,2-3,5.6029
4nlf,A,3-4,5.8101
4nlf,A,4-5,5.6711
4nlf,A,5-6,5.8652
4nlf,A,6-7,5.5612
4nlf,A,7-8,4.9655
4nlf,A,8-9,5.7511
4nlf,A,9-10,6.146
4nlf,A,10-11,5.7138
4nlf,A,11-12,5.495
4nlf,A,12-13,5.617
4nlf,A,13-14,5.3758
4nlf,A,14-15,5.5749
4nlf,A,15-16,5.6162
4nlf,A,16-17,5.684
4nlf,A,17-18,5.5119
4nlf,A,18-19,6.0836
4nlf,A,19-20,5.7862
4nlf,A,20-21,5.5493
4nlf,A,21-22,5.498
4nlf,A,22-23,5.847
4nlf,A,23-24,5.8087
4nlf,A,24-25,5.8967
4nlf,A,25-26,5.6081
4nlf,A,26-27,5.7075
1q9a,A,1-2,5.8924
1q9a,A,2-3,5.6132
1q9a,A,3-4,6.138
1q9a,A,4-5,5.5451
1q9a,A,5-6,5.8349
1q9a,A,6-7,5.5065
1q9a,A,7-8,4.9123
1q9a,A,8-9,5.8706
1q9a,A,9-10,6.1625
1q9a,A,10-11,5.7464
1q9a,A,11-12,5.405
1q9a,A,12-13,5.5956
1q9a,A,13-14,5.3452
1q9a,A,14-15,5.543
1q9a,A,15-16,5.5512
1q9a,A,16-17,5.6569
1q9a,A,17-18,5.5325
1q9a,A,18-19,6.1273
1q9a,A,19-20,5.8055
1q9a,A,20-21,5.493
1q9a,A,21-22,5.5532
1q9a,A,22-23,5.7491
1q9a,A,23-24,5.7941
1q9a,A,24-25,6.0068
1q9a,A,25-26,5.6035
1q9a,A,26-27,6.0448
4rkv,A,1-2,6.0299
4rkv,A,2-3,5.9454
4rkv,A,3-4,6.3406
4rkv,A,4-5,5.6602
4rkv,A,5-6,4.8789
4rkv,B,1-2,5.992
4rkv,B,2-3,6.0025
4rkv,B,3-4,6.3281
4rkv,B,4-5,5.698
4rkv,B,5-6,5.7502
3nj6,A,1-2,5.847
3nj6,A,2-3,5.6848
3nj6,A,3-4,5.6919
3nj6,A,4-5,6.2569
3nj6,A,5-6,5.8259
3nj6,A,6-7,5.4838
3nj6,A,7-8,6.0528
3nj6,A,8-9,5.6661
3nj6,A,9-10,5.786
4xk0,A,1-2,5.8572
4xk0,A,2-3,6.6458
4xk0,A,3-4,5.816
4xk0,A,4-5,5.7938
4xk0,A,5-6,5.0266
4xk0,B,1-2,5.6128
4xk0,B,2-3,5.8224
4xk0,B,3-4,5.7711
4xk0,B,4-5,5.7203
4xk0,B,5-6,4.8706
4nmg,A,1-2,7.0211
4nmg,A,2-3,5.6216
4nmg,A,3-4,6.1189
4nmg,A,4-5,5.6194
4nmg,A,5-6,5.8331
4nmg,A,6-7,5.5298
4nmg,A,7-8,4.9243
4nmg,A,8-9,5.6653
4nmg,A,9-10,6.0913
4nmg,A,10-11,5.7862
4nmg,A,11-12,5.4579
4nmg,A,12-13,5.5866
4nmg,A,13-14,5.4083
4nmg,A,14-15,5.5089
4nmg,A,15-16,5.5935
4nmg,A,16-17,5.6936
4nmg,A,17-18,5.5674
4nmg,A,18-19,6.1396
4nmg,A,19-20,5.8329
4nmg,A,20-21,5.5004
4nmg,A,21-22,5.5668
4nmg,A,22-23,5.7565
4nmg,A,23-24,5.7633
4nmg,A,24-25,5.8961
4nmg,A,25-26,5.5676
4nmg,A,26-27,5.67
6y0y,A,1-2,5.5612
6y0y,A,2-3,5.6101
6y0y,A,3-4,5.6523
6y0y,A,4-5,5.7329
6y0y,A,5-6,5.8073
6y0y,A,6-7,5.3959
6y0y,A,7-8,5.0893
6y0y,A,8-9,5.6961
6y0y,A,9-10,6.1518
6y0y,A,10-11,5.6914
6y0y,A,11-12,5.4456
6y0y,A,12-13,5.6558
6y0y,A,13-14,5.3681
6y0y,A,14-15,5.5905
6y0y,A,15-16,5.6441
6y0y,A,16-17,5.7085
6y0y,A,17-18,5.5175
6y0y,A,18-19,6.0661
6y0y,A,19-20,5.6027
6y0y,A,20-21,5.8038
6y0y,A,21-22,5.431
6y0y,A,22-23,6.1068
6y0y,A,23-24,5.6679
6y0y,A,24-25,5.7931
6y0y,A,25-26,5.6126
6y0y,A,26-27,5.7458
4jrd,A,1-2,5.9429
4jrd,A,2-3,5.7779
4jrd,A,3-4,5.6849
4jrd,A,4-5,5.6931
4jrd,A,5-6,5.5975
4jrd,A,6-7,5.6207
4jrd,A,7-8,5.7426
4jrd,A,8-9,5.6423
4jrd,A,9-10,5.6433
4jrd,A,10-11,5.6529
4jrd,B,1-2,5.6766
4jrd,B,2-3,5.5686
4jrd,B,3-4,5.5556
4jrd,B,4-5,5.7433
4jrd,B,5-6,5.72
4jrd,B,6-7,5.6883
4jrd,B,7-8,5.6605
4jrd,B,8-9,5.6432
4jrd,B,9-10,5.6577
4jrd,B,10-11,5.6348
4rj1,A,1-2,6.0603
4rj1,A,2-3,6.0489
4rj1,A,3-4,6.3909
4rj1,A,4-5,5.7852
4rj1,A,5-6,5.0558
4rj1,B,1-2,6.0221
4rj1,B,2-3,6.0551
4rj1,B,3-4,6.3247
4rj1,B,4-5,5.7007
4rj1,B,5-6,4.4841
5d99,A,1-2,5.8483
5d99,A,2-3,5.6203
5d99,A,3-4,5.7938
5d99,A,4-5,5.6556
5d99,A,5-6,5.8312
5d99,A,6-7,5.5363
5d99,A,7-8,4.8577
5d99,A,8-9,5.6509
5d99,A,9-10,6.2353
5d99,A,10-11,5.6673
5d99,A,11-12,5.476
5d99,A,12-13,5.6739
5d99,A,13-14,5.4344
5d99,A,14-15,5.4888
5d99,A,15-16,5.5539
5d99,A,16-17,5.7131
5d99,A,17-18,5.5753
5d99,A,18-19,6.1272
5d99,A,19-20,5.8448
5d99,A,20-21,5.5646
5d99,A,21-22,5.5692
5d99,A,22-23,5.743
5d99,A,23-24,5.7389
5d99,A,24-25,6.1686
5d99,A,25-26,5.5196
5d99,A,26-27,5.7524
5mrx,A,1-2,6.3072
5mrx,A,2-3,5.936
5mrx,A,3-4,6.159
5mrx,A,4-5,5.5546
5mrx,A,5-6,5.8485
5mrx,A,6-7,5.6253
5mrx,A,7-8,5.0594
5mrx,A,8-9,5.6833
5mrx,A,9-10,6.3232
5mrx,A,10-11,5.7075
5mrx,A,11-12,5.4608
5mrx,A,12-13,5.5683
5mrx,A,13-14,5.4269
5mrx,A,14-15,5.5768
5mrx,A,15-16,5.6032
5mrx,A,16-17,5.7575
5mrx,A,17-18,5.5267
5mrx,A,18-19,6.1041
5mrx,A,19-20,5.8625
5mrx,A,20-21,5.5609
5mrx,A,21-22,5.6452
5mrx,A,22-23,5.7111
5mrx,A,23-24,5.8913
5mrx,A,24-25,5.8994
5mrx,A,25-26,5.7189
5mrx,A,26-27,5.8037
1j8g,A,1-2,6.0281
1j8g,A,2-3,6.0179
1j8g,A,3-4,6.4104
1j8g,A,4-5,5.7476
1j8g,A,5-6,4.9719
1j8g,B,1-2,5.906
1j8g,B,2-3,5.9681
1j8g,B,3-4,6.364
1j8g,B,4-5,5.82
1j8g,B,5-6,5.8377
1j8g,C,1-2,6.1117
1j8g,C,2-3,6.0405
1j8g,C,3-4,6.3744
1j8g,C,4-5,5.778
1j8g,C,5-6,5.0192
1j8g,D,1-2,6.0748
1j8g,D,2-3,5.9875
1j8g,D,3-4,6.3599
1j8g,D,4-5,5.7099
1j8g,D,5-6,5.022
3dw5,A,1-2,6.6197
3dw5,A,2-3,5.6955
3dw5,A,3-4,6.2053
3dw5,A,4-5,5.5918
3dw5,A,5-6,5.8212
3dw5,A,6-7,5.5138
3dw5,A,7-8,4.9308
3dw5,A,8-9,5.6921
3dw5,A,9-10,6.1147
3dw5,A,10-11,5.7233
3dw5,A,11-12,5.4368
3dw5,A,12-13,5.5798
3dw5,A,13-14,5.3656
3dw5,A,14-15,5.481
3dw5,A,15-16,5.5455
3dw5,A,16-17,5.716
3dw5,A,17-18,5.5364
3dw5,A,18-19,6.167
3dw5,A,19-20,5.8237
3dw5,A,20-21,5.4979
3dw5,A,21-22,5.5547
3dw5,A,22-23,5.7269
3dw5,A,23-24,5.7771
3dw5,A,24-25,5.81
3dw5,A,25-26,5.5884
3dw5,A,26-27,5.7784
7qp2,A,1-2,6.0046
7qp2,A,2-3,5.6187
7qp2,A,3-4,6.1368
7qp2,A,4-5,5.5987
7qp2,A,5-6,5.8279
7qp2,A,6-7,5.5332
7qp2,A,7-8,4.9539
7qp2,A,8-9,5.6586
7qp2,A,9-10,6.1149
7qp2,A,10-11,5.7332
7qp2,A,11-12,5.473
7qp2,A,12-13,5.6073
7qp2,A,13-14,5.4099
7qp2,A,14-15,5.5107
7qp2,A,15-16,5.5696
7qp2,A,16-17,5.6861
7qp2,A,17-18,5.5717
7qp2,A,18-19,6.1461
7qp2,A,19-20,5.833
7qp2,A,20-21,5.5038
7qp2,A,21-22,5.5988
7qp2,A,22-23,5.7777
7qp2,A,23-24,5.7947
7qp2,A,24-25,5.8205
7qp2,A,25-26,5.6531
7qp2,A,26-27,5.8355
5k8h,A,2-3,5.8607
3dw4,A,1-2,5.8063
3dw4,A,2-3,5.5985
3dw4,A,3-4,5.7983
3dw4,A,4-5,5.6375
3dw4,A,5-6,5.8225
3dw4,A,6-7,5.5136
3dw4,A,7-8,4.9599
3dw4,A,8-9,5.6576
3dw4,A,9-10,6.1858
3dw4,A,10-11,5.6446
3dw4,A,11-12,5.4347
3dw4,A,12-13,5.6506
3dw4,A,13-14,5.4026
3dw4,A,14-15,5.4637
3dw4,A,15-16,5.5374
3dw4,A,16-17,5.7068
3dw4,A,17-18,5.5561
3dw4,A,18-19,6.1606
3dw4,A,19-20,5.8258
3dw4,A,20-21,5.5293
3dw4,A,21-22,5.5355
3dw4,A,22-23,5.7335
3dw4,A,23-24,5.6793
3dw4,A,24-25,5.942
3dw4,A,25-26,5.6133
3dw4,A,26-27,5.7504
8pfq,A,1-2,5.7823
8pfq,A,2-3,5.6912
8pfq,A,3-4,5.7758
8pfq,A,4-5,5.7701
8pfq,A,5-6,5.6228
8pfq,A,6-7,5.8421
8pfq,A,7-8,5.688
8pfq,A,8-9,5.7025
8pfq,A,9-10,5.7037
8pfq,A,10-11,5.6838
8pfq,A,11-12,5.764
8pfq,B,1-2,5.7432
8pfq,B,2-3,5.7973
8pfq,B,3-4,5.7511
8pfq,B,4-5,5.7914
8pfq,B,5-6,5.6222
8pfq,B,6-7,5.6867
8pfq,B,7-8,5.8673
8pfq,B,8-9,5.6888
8pfq,B,9-10,5.837
8pfq,B,10-11,5.6777
8pfq,B,11-12,5.73
9en6,A,1-2,5.7735
9en6,A,2-3,5.7057
9en6,A,3-4,5.9443
9en6,A,4-5,5.6275
9en6,A,5-6,5.2999
9en6,B,1-2,5.7824
9en6,B,2-3,5.8156
9en6,B,3-4,5.7922
9en6,B,4-5,5.4844
9en6,B,5-6,5.7787
9en6,C,1-2,5.8029
9en6,C,2-3,5.7421
9en6,C,3-4,5.7061
9en6,C,4-5,5.9531
9en6,C,5-6,5.6425
9en6,D,1-2,5.7706
9en6,D,2-3,5.6997
9en6,D,3-4,5.8105
9en6,D,4-5,5.5931
9en6,D,5-6,6.1197
7l3r,A,1-2,5.9471
7l3r,A,2-3,5.5706
7l3r,A,3-4,5.7443
7l3r,A,4-5,5.5726
7l3r,A,5-6,5.7965
7l3r,A,6-7,5.5407
7l3r,A,7-8,4.9659
7l3r,A,8-9,5.6588
7l3r,A,9-10,6.1401
7l3r,A,10-11,5.6879
7l3r,A,11-12,5.4878
7l3r,A,12-13,5.5877
7l3r,A,13-14,5.4095
7l3r,A,14-15,5.5099
7l3r,A,15-16,5.559
7l3r,A,16-17,5.7113
7l3r,A,17-18,5.5672
7l3r,A,18-19,6.1109
7l3r,A,19-20,5.8207
7l3r,A,20-21,5.5113
7l3r,A,21-22,5.5873
7l3r,A,22-23,5.7176
7l3r,A,23-24,5.7437
7l3r,A,24-25,5.8946
7l3r,A,25-26,5.6165
7l3r,A,26-27,5.7839
3dvz,A,1-2,6.4515
3dvz,A,2-3,5.7166
3dvz,A,3-4,6.2217
3dvz,A,4-5,5.5668
3dvz,A,5-6,5.8252
3dvz,A,6-7,5.5268
3dvz,A,7-8,4.9642
3dvz,A,8-9,5.6661
3dvz,A,9-10,6.1385
3dvz,A,10-11,5.6714
3dvz,A,11-12,5.4251
3dvz,A,12-13,5.5886
3dvz,A,13-14,5.3892
3dvz,A,14-15,5.4822
3dvz,A,15-16,5.5396
3dvz,A,16-17,5.7304
3dvz,A,17-18,5.5209
3dvz,A,18-19,6.1541
3dvz,A,19-20,5.818
3dvz,A,20-21,5.4875
3dvz,A,21-22,5.5662
3dvz,A,22-23,5.7059
3dvz,A,23-24,5.7854
3dvz,A,24-25,5.8267
3dvz,A,25-26,5.6215
3dvz,A,26-27,5.7975
485d,A,2-3,5.4276
485d,A,3-4,5.71
485d,A,4-5,6.119
485d,A,5-6,5.7066
485d,A,6-7,5.6393
485d,A,7-8,5.7949
485d,A,8-9,5.8786
485d,B,2-3,5.5599
485d,B,3-4,5.9912
485d,B,4-5,5.7412
485d,B,5-6,5.8329
485d,B,6-7,5.7908
485d,B,7-8,6.0311
485d,B,8-9,5.6234
3r1e,A,1-2,5.7129
3r1e,A,2-3,6.1695
3r1e,A,3-4,5.5905
3r1e,A,4-5,5.7722
3r1e,A,5-6,5.6444
3r1e,A,6-7,5.8135
3r1e,A,7-8,5.6887
3r1e,B,1-2,5.6624
3r1e,B,2-3,6.3042
3r1e,B,3-4,5.5971
3r1e,B,4-5,5.6365
3r1e,B,5-6,5.6406
3r1e,B,6-7,5.7572
3r1e,B,7-8,5.6168
3dw7,A,1-2,6.4072
3dw7,A,2-3,5.5534
3dw7,A,3-4,6.2174
3dw7,A,4-5,5.5985
3dw7,A,5-6,5.8208
3dw7,A,6-7,5.5095
3dw7,A,7-8,4.8532
3dw7,A,8-9,5.6087
3dw7,A,9-10,6.1285
3dw7,A,10-11,5.7206
3dw7,A,11-12,5.4259
3dw7,A,12-13,5.5784
3dw7,A,13-14,5.3882
3dw7,A,14-15,5.4737
3dw7,A,15-16,5.5526
3dw7,A,16-17,5.7302
3dw7,A,17-18,5.5212
3dw7,A,18-19,6.1637
3dw7,A,19-20,5.8112
3dw7,A,20-21,5.4882
3dw7,A,21-22,5.59
3dw7,A,22-23,5.6967
3dw7,A,23-24,5.7468
3dw7,A,24-25,5.8459
3dw7,A,25-26,5.5813
3dw7,A,26-27,5.6989
7ucr,A,1-2,5.8086
7ucr,A,2-3,5.3827
7ucr,A,3-4,5.7818
7ucr,A,4-5,5.6149
7ucr,A,5-6,5.862
7ucr,A,6-7,5.5177
7ucr,A,7-8,4.954
7ucr,A,8-9,5.7062
7ucr,A,9-10,6.0845
7ucr,A,10-11,5.7483
7ucr,A,11-12,5.4367
7ucr,A,12-13,5.6221
7ucr,A,13-14,5.4329
7ucr,A,14-15,5.6456
7ucr,A,15-16,5.5591
7ucr,A,16-17,5.719
7ucr,A,17-18,5.5531
7ucr,A,18-19,6.1157
7ucr,A,19-20,5.8035
7ucr,A,20-21,5.5063
7ucr,A,21-22,5.5893
7ucr,A,22-23,5.7453
7ucr,A,23-24,5.7514
7ucr,A,24-25,6.1228
7ucr,A,25-26,5.4083
7ucr,A,26-27,5.8846
5vxq,A,1-2,5.9689
5vxq,A,2-3,5.8486
5vxq,A,3-4,5.6996
5vxq,A,4-5,5.7286
5vxq,A,5-6,5.5983
5vxq,A,6-7,5.6158
5vxq,A,7-8,5.7176
5vxq,A,8-9,5.6688
5vxq,A,9-10,5.6497
5vxq,A,10-11,5.6868
5vxq,B,1-2,5.6921
5vxq,B,2-3,5.5584
5vxq,B,3-4,5.5803
5vxq,B,4-5,5.7557
5vxq,B,5-6,5.7286
5vxq,B,6-7,5.6817
5vxq,B,7-8,5.681
5vxq,B,8-9,5.6716
5vxq,B,9-10,5.6703
5vxq,B,10-11,5.6325
